Mon,cute,phone,me,photo
Mon,school,phone,me,photo
Mon,random,phone,me,photo
Mon,random,phone,me,photo
Mon,school,phone,me,photo
Mon,food,phone,me,photo
Mon,interesting,phone,me,photo
Mon,building,phone,me,photo
Mon,random,phone,me,photo
Tue,food,phone,me,photo
Tue,lights,phone,me,photo
Tue,building,phone,me,photo
Tue,lights,phone,me,photo
Tue,random,phone,me,photo
Tue,cute,phone,me,photo
Tue,cute,phone,me,photo
Tue,cute,phone,me,photo
Tue,cute,phone,me,photo
Tue,lights,phone,me,photo
Wed,interesting,phone,me,photo
Wed,interesting,phone,me,photo
Wed,food,phone,me,photo
Wed,building,phone,me,photo
Wed,building,phone,me,photo
Wed,building,phone,me,photo
Wed,random,phone,me,photo
Wed,food,phone,me,photo
Wed,random,phone,me,photo
Wed,lights,phone,me,photo
Wed,building,phone,me,photo
Wed,interesting,phone,me,photo
Wed,building,phone,me,photo
Wed,school,phone,me,photo
Wed,interesting,phone,me,photo
Wed,lights,phone,me,photo
Wed,interesting,phone,me,photo
Wed,random,phone,me,photo
Wed,interesting,phone,me,photo
Thu,cute,phone,me,photo
Thu,interesting,phone,me,photo
Thu,building,phone,me,photo
Thu,cute,phone,me,photo
Thu,building,phone,me,photo
Thu,interesting,phone,me,photo
Thu,random,phone,me,photo
Thu,building,phone,me,photo
Thu,interesting,phone,me,photo
Thu,random,phone,me,photo
Thu,food,phone,me,photo
Thu,food,phone,others,photo
Thu,food,phone,others,photo
Thu,friends,phone,others,photo
Thu,friends,phone,me,photo
Thu,food,phone,me,photo
Thu,random,phone,me,photo
Fri,random,phone,me,photo
Fri,random,phone,me,photo
Fri,random,phone,me,photo
Fri,lights,phone,me,photo
Fri,lights,phone,me,video
Fri,lights,phone,others,photo
Fri,lights,digicam,me,photo
Fri,food,phone,me,photo
Fri,random,phone,me,photo
Fri,food,phone,me,photo
Fri,food,phone,me,photo
Fri,friends,digicam,me,photo
Fri,friends,digicam,others,photo
Fri,food,digicam,others,photo
Fri,random,digicam,others,photo
Fri,nature,digicam,others,photo
Fri,food,digicam,others,photo
Fri,friends,digicam,others,photo
Sat,interesting,phone,me,photo
Sat,school,phone,me,photo
Sat,cute,phone,me,photo
Sat,random,phone,me,photo
Sat,food,phone,me,photo
Sat,cute,phone,me,photo
Sat,building,phone,me,photo
Sat,building,phone,me,photo
Sat,random,phone,me,photo
Sat,building,phone,me,photo
Sat,random,phone,me,photo
Sat,food,phone,me,photo
Sat,random,phone,me,photo
Sat,cute,phone,me,photo
Sat,random,phone,me,photo
Sat,interesting,phone,me,photo
Sat,friends,phone,others,photo
Sat,interesting,phone,me,video
Sat,random,phone,me,photo
Sat,random,phone,me,video
Sat,cute,phone,me,photo
Sun,school,phone,me,photo
Sun,food,phone,me,photo
Sun,cute,phone,me,photo
Sun,cute,phone,me,photo
Sun,food,phone,others,photo
Sun,random,phone,others,photo
Sun,friends,phone,others,photo
Sun,friends,phone,others,photo
Sun,friends,phone,others,photo
Sun,friends,phone,others,video
Sun,friends,phone,others,photo
Sun,friends,phone,others,video
Sun,random,phone,me,photo
Sun,random,phone,me,photo
Sun,friends,digicam,others,photo
Sun,friends,digicam,others,photo
Sun,friends,digicam,others,photo
Sun,friends,digicam,others,photo